﻿<parameters>
  <parameter name="IIS Web Application Name" defaultValue="/" tags="IisApp">
    <parameterEntry kind="ProviderPath" scope="IisApp" match="^C:\\lods\\Challenges\\StorageChallenges\\StorageChallenge\\obj\\Release\\Package\\PackageTmp$" />
    <parameterEntry kind="ProviderPath" scope="setAcl" match="^C:\\lods\\Challenges\\StorageChallenges\\StorageChallenge\\obj\\Release\\Package\\PackageTmp$" />
  </parameter>
  <parameter name="CorpDataConnectionString-Web.config Connection String" description="CorpDataConnectionString Connection String used in web.config by the application to access the database." defaultValue="Server=tcp:tswtrucksmart.database.windows.net,1433;Initial Catalog=CorpData;Persist Security Info=False;User ID=student;Password=GKPa$$w0rd12;MultipleActiveResultSets=False;Encrypt=True;TrustServerCertificate=False;Connection Timeout=30;" tags="SqlConnectionString">
    <parameterEntry kind="XmlFile" scope="C:\\lods\\Challenges\\StorageChallenges\\StorageChallenge\\obj\\Release\\Package\\PackageTmp\\Web\.config$" match="/configuration/connectionStrings/add[@name='CorpDataConnectionString']/@connectionString" />
  </parameter>
  <parameter name="CustomerDataConnectionString-Web.config Connection String" description="CustomerDataConnectionString Connection String used in web.config by the application to access the database." defaultValue="Server=tswlods.mysql.database.azure.com; Port=3306; Database=customerData; Uid=student@tswlods; Pwd=GKPa$$w0rd12;" tags="SqlConnectionString">
    <parameterEntry kind="XmlFile" scope="C:\\lods\\Challenges\\StorageChallenges\\StorageChallenge\\obj\\Release\\Package\\PackageTmp\\Web\.config$" match="/configuration/connectionStrings/add[@name='CustomerDataConnectionString']/@connectionString" />
  </parameter>
</parameters>