﻿<parameters>
  <parameter name="IIS Web Application Name" defaultValue="/" tags="IisApp">
    <parameterEntry kind="ProviderPath" scope="IisApp" match="^D:\\lods\\ChallengeSeries1\\StorageChallenge\\obj\\Release\\Package\\PackageTmp$" />
    <parameterEntry kind="ProviderPath" scope="setAcl" match="^D:\\lods\\ChallengeSeries1\\StorageChallenge\\obj\\Release\\Package\\PackageTmp$" />
  </parameter>
  <parameter name="CorpDataConnectionString-Web.config Connection String" description="CorpDataConnectionString Connection String used in web.config by the application to access the database." defaultValue="" tags="SqlConnectionString">
    <parameterEntry kind="XmlFile" scope="D:\\lods\\ChallengeSeries1\\StorageChallenge\\obj\\Release\\Package\\PackageTmp\\Web\.config$" match="/configuration/connectionStrings/add[@name='CorpDataConnectionString']/@connectionString" />
  </parameter>
  <parameter name="CustomerDataConnectionString-Web.config Connection String" description="CustomerDataConnectionString Connection String used in web.config by the application to access the database." defaultValue="" tags="SqlConnectionString">
    <parameterEntry kind="XmlFile" scope="D:\\lods\\ChallengeSeries1\\StorageChallenge\\obj\\Release\\Package\\PackageTmp\\Web\.config$" match="/configuration/connectionStrings/add[@name='CustomerDataConnectionString']/@connectionString" />
  </parameter>
</parameters>